model,files,params,size,size_bytes,macs,pesq,stoi,si_sdr,rtf,p95_latency_ms,notes
Noisy,824,-,-,,-,1.9668,0.9211,8.4494,-,,"824 files, held-out test set"
FP32,824,43793,173.4 KB,177522,2694000,2.4801,0.9279,17.1538,0.00111,0.0202,"FP32 ONNX, full retrain"
INT8_dynamic,824,43793,92.3 KB,94527,2694000,2.4542,0.9281,17.1648,0.00110,0.0197,dynamic PTQ
INT8_static,824,43793,97.1 KB,99441,2694000,2.3911,0.9284,17.1244,0.00133,0.0256,"static PTQ, real calibration"
